,title,overview,release_date,vote_average,popularity
0,Over Your Dead Body,"A dysfunctional couple head to a remote cabin to ""reconnect"", but each has secret intentions to kill the other.",2026-04-24,6.333,5.21
1,Obsession,"After breaking the mysterious ""One Wish Willow"" to win his crush's heart, a hopeless romantic finds himself getting exactly what he asked for but soon discovers that some desires come at a dark, sinister price.",2026-04-16,7.88,334.7747
2,Tom Clancy's Jack Ryan: Ghost War,"Jack Ryan is reluctantly pulled back into espionage when an international covert mission unravels a deadly conspiracy. Racing against time, he joins CIA allies Mike November & James Greer and sharp MI6 officer Emma Marlowe to battle a rogue black-ops unit in a high-stakes, deeply personal fight.",2026-05-20,7.238,525.2079
3,Ladies First,"An arrogant but charismatic ladies' man finds his life of money, power and casual flings upended when he wakes up in a parallel world dominated by women.",2026-05-21,5.7,138.7301
4,Backrooms,A strange doorway appears in the basement of a furniture showroom.,2026-05-27,9.2,38.0123
5,Project Hail Mary,"Science teacher Ryland Grace wakes up on a spaceship light years from home with no recollection of who he is or how he got there. As his memory returns, he begins to uncover his mission: solve the riddle of the mysterious substance causing the sun to die out. He must call on his scientific knowledge and unorthodox ideas to save everything on Earth from extinction.",2026-03-15,8.629,402.5239
6,The Super Mario Galaxy Movie,"Having thwarted Bowser's previous plot to marry Princess Peach, Mario and Luigi now face a fresh threat in Bowser Jr., who is determined to liberate his father from captivity and restore the family legacy. Alongside companions new and old, the brothers travel across the stars to stop the young heir's crusade.",2026-04-01,7.976,387.0855
7,Lee Cronin's The Mummy,"The young daughter of a journalist disappears into the desert without a trace—eight years later, the broken family is shocked when she is returned to them, as what should be a joyful reunion turns into a living nightmare.",2026-04-15,8.042,802.3373
8,Mortal Kombat II,"The fan favorite champions—now joined by Johnny Cage himself—are pitted against one another in the ultimate, no-holds barred, gory battle to defeat the dark rule of Shao Kahn that threatens the very existence of the Earthrealm and its defenders.",2026-05-06,6.802,219.2069
9,The Mandalorian and Grogu,"The evil Empire has fallen, and Imperial warlords remain scattered throughout the galaxy. As the fledgling New Republic works to protect everything the Rebellion fought for, they have enlisted the help of legendary Mandalorian bounty hunter Din Djarin and his young apprentice Grogu.",2026-05-20,6.751,192.0492
10,Michael,"The story of Michael Jackson, one of the most influential artists the world has ever known, and his life beyond the music. His journey from the discovery of his extraordinary talent as the lead of the Jackson Five, to the visionary artist whose creative ambition fueled a relentless pursuit to become the biggest entertainer in the world, highlighting both his life off-stage and some of the most iconic performances from his early solo career.",2026-04-22,7.589,130.9118
11,Animal Farm,"A group of farm animals rise up against their neglectful owner, dreaming of equality and freedom. But as the pigs take control, the revolution turns into tyranny, with truth rewritten and dissent crushed.",2026-04-30,4.9,5.399
12,Masters of the Universe,"After being separated for 15 years, the Sword of Power leads Prince Adam back to Eternia, where he discovers his home shattered under the fiendish rule of Skeletor. To save his family and his world, Adam must join forces with his closest allies, Teela and Duncan/Man-At-Arms, and embrace his true destiny as He-Man — the most powerful man in the universe.",2026-06-03,0.0,33.8312
13,Scary Movie,"Twenty-six years after outrunning a suspiciously familiar masked killer, the Core Four are back in the killer's crosshairs and no horror movie IP is safe.",2026-06-03,0.0,19.1112
14,Normal,"An unassuming substitute sheriff with a troubled past responds to a bank robbery in a small, sleepy town and unknowingly uncovers something far more explosive.",2026-04-16,6.451,74.8637
15,The Punisher: One Last Kill,"As Frank Castle searches for meaning beyond revenge, an unexpected force pulls him back into the fight.",2026-05-12,8.426,416.9348
16,The Devil Wears Prada 2,"Andy Sachs returns to Runway as Miranda Priestly navigates a new media landscape and Runway's position within. The duo reconnect with former assistant Emily Charlton, now the head of a luxury brand that possesses funding which could ensure Runway's survival.",2026-04-29,6.6,60.195
17,Toy Story 5,"When Bonnie receives a Lilypad tablet as a gift and becomes obsessed, Buzz, Woody, Jessie and the rest of the gang's jobs become exponentially harder when they have to go head to head with the all-new threat to playtime.",2026-06-17,0.0,23.1861
18,Avatar: Fire and Ash,"In the wake of the devastating war against the RDA and the loss of their eldest son, Jake Sully and Neytiri face a new threat on Pandora: the Ash People, a violent and power-hungry Na'vi tribe led by the ruthless Varang. Jake's family must fight for their survival and the future of Pandora in a conflict that pushes them to their emotional and physical limits.",2025-12-17,7.501,159.6346
19,Colony,"Professor Se-jeong is thrust into a bloody nightmare when a rapidly mutating virus is released during a biotech conference causing authorities to seal the facility. Trapped inside with no escape, Se-jeong along with a small group of survivors must fight to stay alive while the infected undergo horrific transformations.",2026-05-21,6.4,62.4045
20,Mother Mary,Long-buried wounds rise to the surface when iconic pop star Mother Mary reunites with her estranged best friend and former costume designer Sam Anselm on the eve of her comeback performance.,2026-04-16,5.859,46.7039
21,Passenger,"After a young couple witnesses a gruesome highway accident, they soon realize they did not leave the crash scene alone, as a demonic presence called the Passenger that won't stop until it claims them both turns their van life adventure into a nightmare.",2026-05-20,5.9,42.2273
22,Fuze,An unexploded WWII bomb is discovered on a busy construction site in the centre of London. Chaos ensues as the military and police begin a mass evacuation against a ticking clock.,2026-03-23,6.4,6.3477
23,The Drama,A happily engaged couple is put to the test when an unexpected turn sends their wedding week off the rails.,2026-03-26,6.924,33.6413
24,Disclosure Day,"If you found out we weren’t alone, if someone showed you, proved it to you, would that frighten you?",2026-06-10,0.0,22.5992
25,Apex,A grieving woman pushing her limits on a solo adventure in the Australian wild is ensnared in a twisted game with a cunning killer who thinks she's prey.,2026-04-24,6.687,174.2064
26,The Odyssey,"Odysseus, the legendary King of Ithaca, embarks on a long and perilous journey home following the Trojan War. Throughout his voyage, he is forced to confront the whims of gods, mythological monsters, and trials that stretch both his cunning and his humanity to the breaking point.",2026-07-15,0.0,28.0759
27,GOAT,"A small goat with big dreams gets a once-in-a-lifetime shot to join the pros and play roarball, a high-intensity, co-ed, full-contact sport dominated by the fastest, fiercest animals in the world.",2026-02-11,8.109,124.3781
28,The Sheep Detectives,"George Hardy is a shepherd who reads detective novels to his beloved sheep every night, assuming they can't possibly understand. But when a mysterious incident disrupts life on the farm, the sheep realize they must become the detectives. As they follow the clues and investigate human suspects, they prove that even sheep can be brilliant crime-solvers.",2026-04-30,7.593,85.1888
29,Master of the Universe,"A young man must use his untapped powers to fight back against an evil alien and their army, who will stop at nothing to take over Earth and then the universe.",2026-05-22,1.0,5.5192
30,Hokum,"When novelist Ohm Bauman retreats to a remote inn to scatter his parents' ashes, he is consumed by tales of a witch haunting the honeymoon suite. Disturbing visions and a shocking disappearance forces him to confront dark corners of his past.",2026-04-29,6.9,15.8275
31,Swapped,"A small woodland creature and a majestic bird, two natural sworn enemies of the Valley, magically trade places and set off on an adventure of a lifetime to switch back. Their journey soon uncovers a greater threat—one that could endanger not only their species, but the entire valley they call home.",2026-05-01,8.971,328.7016
32,The Bride!,A lonely Frankenstein travels to 1930s Chicago to ask groundbreaking scientist Dr. Euphronious to create a companion for him. The two revive a murdered young woman and The Bride is born. But what ensues is beyond what either of them imagined.,2026-03-04,6.2,28.9919
33,One Last Deal,"Jimmy Banks is an old school agent who desperately needs to get his star player one last big payday before Jimmy’s life, and his client’s reputation, comes tumbling down.",2026-03-13,7.3,6.4551
34,AEW Double or Nothing 2026,"The 2026 Double or Nothing was a professional wrestling pay-per-view produced by All Elite Wrestling (AEW) that took place on May 24, 2026, at Louis Armstrong Stadium in New York City, New York, USA. It featured the first quarter-final matches of the 2026 Owen Hart Foundation Tournaments for both the men and women, as well as the long-anticipated AEW International Championship match between Don Callis Family members Kazuchika Okada (c) and Konosuke Takeshita. The show was headlined by Darby Allin (c) vs. MJF in a Title vs. Hair match for the AEW World Championship, where MJF would have to shave his head bald if he lost.",2026-05-24,9.214,4.3137
35,Hoppers,"Scientists have discovered how to 'hop' human consciousness into lifelike robotic animals, allowing people to communicate with animals as animals. Animal lover Mabel seizes an opportunity to use the technology, uncovering mysteries within the animal world beyond anything she could have imagined.",2026-03-04,8.1,134.798
36,Ready or Not: Here I Come,"Moments after surviving an all-out attack from the Le Domas family, Grace discovers she’s reached the next level of the nightmarish game — and this time with her estranged sister Faith at her side. Grace has one chance to survive, keep her sister alive, and claim the High Seat of the Council that controls the world. Four rival families are hunting her for the throne, and whoever wins rules it all.",2026-03-19,7.691,92.3152
37,Spider-Man: Brand New Day,"Four years have passed since the events of No Way Home, and Peter is now an adult living entirely alone, having voluntarily erased himself from the lives and memories of those he loves. Crime-fighting in a New York that no longer knows his name, he's devoted himself entirely to protecting his city — a full-time Spider-Man — but as the demands on him intensify, the pressure sparks a surprising physical evolution that threatens his existence, even as a strange new pattern of crimes gives rise to one of the most powerful threats he has ever faced.",2026-07-29,0.0,25.1868
38,Dear You,"Grandma Ye Shurou from Chaoshan lived a simple life, enjoying her twilight years. Her grandson, Xiaowei, burdened by debt, secretly traveled to Thailand to find his rumored billionaire grandfather, Zheng Musheng. However, Xiaowei returned with shocking news: his grandfather was long gone, and the person with whom Grandma had exchanged love letters was a complete stranger. As Xiaowei investigated, a love affair hidden for half a century suddenly surfaced, striking Grandma's heart.",2026-04-30,9.15,35.8257
39,Tuner,A talented piano tuner's life is turned upside down when he discovers that his meticulous skills for tuning pianos can equally be applied to cracking safes.,2026-05-11,6.4,12.8928
40,Zootopia 2,"After cracking the biggest case in Zootopia's history, rookie cops Judy Hopps and Nick Wilde find themselves on the twisting trail of a great mystery when Gary De'Snake arrives and turns the animal metropolis upside down. To crack the case, Judy and Nick must go undercover to unexpected new parts of town, where their growing partnership is tested like never before.",2025-11-26,7.6,85.4144
41,The Crash,"A teen slams her car into a building, killing her boyfriend and his friend. What seems like a tragic accident becomes a murder case.",2026-05-14,6.58,35.0645
42,In the Grey,"A covert team of elite operatives are living in the shadows. When a ruthless despot steals a billion-dollar fortune, they're sent to take it back—an impossible heist that erupts into a deadly game of strategy, deception and survival.",2026-05-13,6.3,32.3502
43,Scream 7,"When a new Ghostface killer emerges in the quiet town where Sidney Prescott has built a new life, her darkest fears are realized as her daughter becomes the next target. Determined to protect her family, Sidney must face the horrors of her past to put an end to the bloodshed once and for all.",2026-02-25,6.124,56.735
44,Fjord,"After the deaths of Mihai's parents, Mihai and Lisbeth Gheorghiu leave everything behind and move with their children to a remote village in Norway, hoping to rebuild their lives near Lisbeth's family. There, they grow close to their neighbors, the Halbergs, whose warmth offers the promise of a fresh start. But the fragile peace begins to unravel when the Gheorghius' young daughter, Elia, arrives at school covered in bruises.",2026-08-19,0.0,12.0314
45,Scare Out,"After a critical intelligence leak, a national security unit launches an intensive investigation. But successive setbacks in their arrest operations reveal a shocking truth: the trail leads back to within the unit itself. Amidst a storm of trust and betrayal, a silent battle begins to unfold...",2026-02-17,7.067,10.9703
46,Remarkably Bright Creatures,"Through unlikely bonds formed during night shifts at a local aquarium, Tova, an elderly widow, learns of a life-changing discovery that may bring her joy and wonder once again.",2026-05-07,8.519,95.9692
47,"""Wuthering Heights""","Tragedy strikes when Heathcliff falls in love with Catherine Earnshaw, a woman from a wealthy family in 18th-century England.",2026-02-11,6.6,38.9656
48,Send Help,"Two colleagues become stranded on a deserted island, the only survivors of a plane crash. On the island, they must overcome past grievances and work together to survive, but ultimately, it's a battle of wills and wits to make it out alive.",2026-01-22,7.043,52.1775
49,Reminders of Him,"When Diem's custodial grandparents adamantly refuse Kenna's attempts to see her daughter, Kenna discovers unexpected compassion, and then something truer and deeper, with former NFL player and local bar owner Ledger. As their secret romance develops, so do the dangers for both of them, leading Kenna toward heartbreak and, ultimately, the hope for a second chance.",2026-03-11,7.525,26.4837
50,Marty Supreme,"Marty Mauser, a young man with a dream no one respects, goes to hell and back in pursuit of greatness.",2025-12-19,7.382,18.3123
51,Dhurandhar: The Revenge,"As rival gangs, corrupt officials and a ruthless Major Iqbal close in, Hamza's mission for his country spirals into a bloody personal war where the line between patriot and monster disappears in the streets of Lyari.",2026-03-18,7.3,299.5133
52,Moana,"Moana answers the Ocean's call and, for the first time, voyages beyond the reef of her island of Motunui with the infamous demigod Maui on an unforgettable journey to restore prosperity to her people.",2026-07-08,0.0,7.511
53,The Housemaid,"Trying to escape her past, Millie Calloway accepts a job as a live-in housemaid for the wealthy Nina and Andrew Winchester. But what begins as a dream job quickly unravels into something far more dangerous—a sexy, seductive game of secrets, scandal, and power.",2025-12-18,7.3,71.5053
54,Shelter,"A man living in self-imposed exile on a remote island rescues a young girl from a violent storm, setting off a chain of events that forces him out of seclusion to protect her from enemies tied to his past.",2026-01-28,7.602,81.3315
55,Cheat Sheet,"A young man invents a new cheating method to escape the hell of high school, which leads him into a funny cat and mouse game with a cunning teacher.",2026-03-17,7.9,3.649
56,Greenland 2: Migration,"Having found the safety of the Greenland bunker after the comet Clarke decimated the Earth, the Garrity family must now risk everything to embark on a perilous journey across the wasteland of Europe to find a new home.",2026-01-07,6.4,69.67
57,Beast,"MMA legend Patton James, now a commercial fisherman, is pulled back into the cage when his brother is in danger. Reuniting with his old coach Sammy, he commits to one final fight in one championship against the brutal champion Xavier Grau.",2026-04-10,6.307,130.6204
58,Untold UK: Vinnie Jones,"This is the story of Vinnie Jones's rise, fall, and comeback against odds – and red cards – from one of football's most notorious hard men to FA cup winner.",2026-05-26,0.0,0.564
59,Mile End Kicks,"Grace Pine, a 22-year-old music critic, moves to Montreal to write a book on Alanis Morissette's Jagged Little Pill, but her plans are complicated when she becomes romantically involved with two members of an indie band she is covering and decides to become their publicist.",2026-04-17,5.273,6.4882
60,"Aida, the Movie","The film deals with the filming of an episode of the series with storylines that take place both within the fiction with the characters of 'Aída' and outside of it with the actors themselves and their relationships, which reflects on topics such as the limits of comedy, the work of a comedian and fame.",2026-01-30,6.783,28.5707
61,Drishyam 3,"To protect his family and their dark secret, Georgekutty faces an organized new threat. As walls close in and cracks widen, how much more is he willing to sacrifice ?",2026-05-21,6.5,54.3174
62,Omukade,"Thailand, 1941 — a handful of Japanese soldiers and their prisoners are trapped in a cursed mine. As tensions between enemies reach a breaking point, they are forced to confront a terrifying, ancient monster lurking in the shadows.",2026-01-22,5.0,44.4076
63,Minions & Monsters,"This is the rambunctious, ridiculous and totally true story of how the Minions conquered Hollywood, became movie stars, lost everything, unleashed monsters onto the world and then banded together to try and save the planet from the mayhem they had just created.",2026-06-24,0.0,7.9852
64,Power Ballad,"When Rick, a past-his-prime wedding singer, meets fading boy-band star Danny during a gig, the two bond over music and a late-night jam session. But when Danny turns one of Rick’s songs into the hit that reignites his career, Rick sets out to reclaim the recognition he believes he deserves - even if it means risking everything he cares about.",2026-05-18,10.0,4.7664
65,Predator: Badlands,"Cast out from his clan, a young Predator finds an unlikely ally in a damaged android and embarks on a treacherous journey in search of the ultimate adversary.",2025-11-05,7.741,67.2656
66,Wardriver,"He’s a Wardriver: a hacker who steals from banks, not people—until he’s noticed. Now the money turns violent, and the woman caught in it could save him or kill them both.",2026-03-04,6.487,7.0875
67,"You, Me & Tuscany","When a woman crashes at an empty Italian villa, posing as the owner's fiancée, she discovers an unexpected romance that could transform her life.",2026-04-09,7.302,11.1312
68,Jetlee,An attendant on a flight from Dubai to Kochi gets caught up in a dangerous situation.,2026-05-01,6.0,2.8816
69,Pressure,"In the tense 72 hours before D-Day, and the fate of the free world hanging in the balance, General Dwight D. Eisenhower and Captain James Stagg face an impossible choice—launch the largest and most dangerous seaborne invasion in history or risk losing the war altogether.",2026-05-25,8.0,8.4368
70,Kartavya,"With his family's safety at stake and menacing threats closing in, a police officer must decide how far he'll go to uphold his duty.",2026-05-15,6.2,124.8239
71,The Holy Grill,"At a tennis club in rural Germany, preparations for the summer party are led by Heribert. When a separate grill is suggested for Erol, the club's only Muslim member, tensions flare. What begins as a simple discussion quickly turns into a debate about societal and personal conflicts, threatening to tear the club apart.",2026-01-15,6.558,4.2506
72,Audition 109,"The movie follows the journey of Jjang-gu, a man from Busan who moves to Seoul to pursue his dream of becoming a film actor.",2026-04-22,5.0,2.5185
73,Doraemon the Movie: New Nobita and the Castle of the Undersea Devil,"Nobita and friends finds a secret underwater castle packed with mysteries and riches. With Doraemon's high-tech gadgets, they dive into an ocean adventure mixing humor, teamwork, and imagination in a breathtaking aquatic world.",2026-02-27,7.8,16.303
74,Good Boy,"Tommy, a volatile 19-year-old, revels in drugs, parties and violence. After getting separated from his friends on a drunken bender, he is abducted by a shadowy figure. He wakes to find himself imprisoned in the basement of a remote Yorkshire house, inhabited by a very strange family. But what unfolds is not what he could possibly expect.",2026-03-06,7.346,16.6237
75,The Magic Faraway Tree,"A modern family relocates to the countryside where the children discover a magical tree with eccentric residents. They're transported to fantastical lands, rekindling their family bond through adventures.",2026-03-26,6.297,14.1113
76,Crime 101,"When an elusive thief whose high-stakes heists unfold along the iconic 101 freeway in Los Angeles eyes the score of a lifetime, with hopes of this being his final job, his path collides with a disillusioned insurance broker who is facing her own crossroads. Determined to crack the case, a relentless detective closes in on the operation, raising the stakes even higher.",2026-02-11,6.968,50.0702
77,Wicked: For Good,"As an angry mob rises against the Wicked Witch, Glinda and Elphaba will need to come together one final time. With their singular friendship now the fulcrum of their futures, they will need to truly see each other, with honesty and empathy, if they are to change themselves, and all of Oz, for good.",2025-11-19,6.6,10.5707
78,System,"When Neha Rajvansh, a privileged public prosecutor, meets Sarika Rawat, a courtroom stenographer from a humble background, their lives are thrown into upheaval where power defines truth, blurring the system and raising a question of what justice truly means to them.",2026-05-22,7.5,152.8624
79,They Will Kill You,"A woman answers a help wanted ad to be a housekeeper in a mysterious New York City high-rise, unaware that she is entering a community that has seen a number of disappearances over the years and may be under the grip of a Satanic cult.",2026-03-23,6.941,60.932
80,The Magic Faraway Tree,"A modern family relocates to the countryside where the children discover a magical tree with eccentric residents. They're transported to fantastical lands, rekindling their family bond through adventures.",2026-03-26,6.297,14.1113
81,Wicked: For Good,"As an angry mob rises against the Wicked Witch, Glinda and Elphaba will need to come together one final time. With their singular friendship now the fulcrum of their futures, they will need to truly see each other, with honesty and empathy, if they are to change themselves, and all of Oz, for good.",2025-11-19,6.6,10.5707
82,System,"When Neha Rajvansh, a privileged public prosecutor, meets Sarika Rawat, a courtroom stenographer from a humble background, their lives are thrown into upheaval where power defines truth, blurring the system and raising a question of what justice truly means to them.",2026-05-22,7.5,152.8624
83,Bunnylovr,A drifting Chinese American cam girl struggles to navigate an increasingly toxic relationship with one of her clients while rekindling her relationship with her dying estranged father.,2026-04-10,6.0,3.0647
84,No Other Choice,"After being laid off and humiliated by a ruthless job market, a veteran paper mill manager descends into violence in a desperate bid to reclaim his dignity.",2025-09-24,7.508,13.7047
85,28 Years Later: The Bone Temple,Dr. Kelson finds himself in a shocking new relationship - with consequences that could change the world as they know it - and Spike's encounter with Jimmy Crystal becomes a nightmare he can't escape.,2026-01-14,7.117,37.147
86,The Wizard of the Kremlin,"In the chaos of post-Soviet Russia, rising KGB officer Vladimir Putin joins forces with master manipulator Vadim Baranov to reshape life behind the Iron Curtain, using violence and deception to change the world forever.",2026-01-21,6.466,8.0943
87,The Secret Agent,"Brazil, 1977. Marcelo, a technology expert in his early 40s, is on the run. Hoping to reunite with his son, he travels to Recife during Carnival but soon realizes that the city is not the safe haven he was expecting.",2025-07-23,7.291,10.0582
88,Grizzly Night,"On August 12, 1967, in Montana's Glacier National Park, the unthinkable happened: that same night, nine miles apart, there were not one—but two—fatal grizzly bear attacks.",2026-01-30,6.2,8.0756
89,Evil Dead Burn,"After the loss of her husband, a woman seeks solace with her in-laws in their secluded family home. As one by one they are transformed into Deadites—turning the gathering into a family reunion from hell—she comes to discover that the vows she took in life... live on even in death.",2026-07-08,0.0,6.2296
90,Avatar Aang: The Last Airbender,"Avatar Aang, the world's last Airbender, learns of an ancient power that could save his culture from extinction. With the help of his friends, he embarks on a global quest to find it before it falls into the wrong hands and threatens to upend the peace they sacrificed everything to achieve.",2026-10-09,0.0,80.4841
91,"Good Luck, Have Fun, Don't Die",A 'Man from the Future' arrives at an LA diner where he must recruit the precise combination of disgruntled patrons to join him on a one-night quest to save the world from the terminal threat of a rogue artificial intelligence.,2026-02-13,6.888,19.0338
92,5 Centimeters per Second,"Spring 1991. Takaki and Akari meet in elementary school and continue to exchange letters even after she moves away. They make a final promise to each other to meet again. It is now 2008. They live their respective lives, paths never crossing. Enduring memories and a premonition of that promised day. Even now, their words from that day drift quietly, transcending time and distance. An ephemeral story of a promised reunion with someone precious.",2025-10-10,7.9,2.7047
93,Sathi Leelavathi,"Leelavathi is a successful and spirited film director whose marriage with Ram Sethu begins falling apart. The relationship is strained by ego, changing gender roles, and the husband feeling overshadowed by his wife's success. Things complicate further when Sethu asks for a divorce and admits he has feelings for another woman, Nicola Sebastian. The couple is then forced to confront unresolved feelings and unearth hidden truths about their marriage.",2026-05-08,0.0,3.1395
94,Disforia,"Set in the near future against the backdrop of widespread looting and societal collapse, the couple formed by Esther and Tomás and their daughter Say move to their summer house so they can promptly sell it and then flee from their country to France, drawing attention from a ring of voyeurs of real-life torture streamed on the dark web.",2025-09-20,5.0,38.1794
95,How to Make a Killing,"Disowned at birth by his obscenely wealthy family, blue-collar Becket Redfellow will stop at nothing to reclaim his inheritance, no matter how many relatives stand in his way.",2026-02-16,7.1,17.3429
96,Bugonia,"Two conspiracy obsessed young men kidnap the high-powered CEO of a major company, convinced that she is an alien intent on destroying planet Earth.",2025-10-23,7.328,14.7173
97,Killing Faith,"In the summer of 1859, a widowed physician reluctantly agrees to take a recently freed slave and her mysterious Caucasian daughter on a five-day journey through the bloody West to find a distant town's Faith Healer. The woman believes her daughter is possessed. The doctor believes she simply carries The Sickness. Either way the fact remains that every living thing the girl touches mysteriously dies.",2025-10-03,5.5,8.5086
98,The Furious,"After Wang Wei's daughter is kidnapped by a criminal network and he receives no help from the corrupt police, Wei sets out to find her himself. His only ally is Navin, a relentless journalist whose wife has mysteriously disappeared. Fueled by a furious vengeance, the unlikely duo ruthlessly battle the kidnappers in this explosive martial arts showdown.",2026-06-10,0.0,28.687
99,The Carpenter's Son,"A remote village in Roman-era Egypt explodes into spiritual warfare when a carpenter, his wife and their child are targeted by supernatural forces.",2025-11-13,5.896,6.9522
